{"stats":{"minecraft:dropped":{"minecraft:dropper":1},"minecraft:used":{"minecraft:redstone_torch":1,"minecraft:piston":14,"minecraft:lever":12,"minecraft:lava_bucket":4,"minecraft:dropper":6,"minecraft:command_block":7,"minecraft:hopper":2,"minecraft:dispenser":11,"minecraft:grass_block":96,"minecraft:redstone":100,"minecraft:stone_button":3,"minecraft:chest":3,"minecraft:stone_pressure_plate":3,"minecraft:stone":118,"minecraft:redstone_block":1,"minecraft:observer":14},"minecraft:picked_up":{"minecraft:experience_bottle":1,"minecraft:chicken":5,"minecraft:lever":1,"minecraft:dropper":1,"minecraft:lava_bucket":2,"minecraft:stone_button":1,"minecraft:grass_block":2,"minecraft:redstone":4,"minecraft:hopper":2},"minecraft:custom":{"minecraft:open_chest":7,"minecraft:time_since_rest":49469,"minecraft:play_one_minute":51618,"minecraft:sprint_one_cm":20194,"minecraft:inspect_dropper":29,"minecraft:walk_one_cm":125219,"minecraft:deaths":2,"minecraft:sneak_time":41,"minecraft:drop":1,"minecraft:jump":305,"minecraft:inspect_hopper":4,"minecraft:leave_game":1,"minecraft:time_since_death":49443,"minecraft:inspect_dispenser":17,"minecraft:fly_one_cm":4582}},"DataVersion":1631}