{"stats":{"minecraft:used":{"minecraft:command_block":2,"minecraft:redstone":3,"minecraft:oak_button":2,"minecraft:sign":3,"minecraft:stone":40},"minecraft:dropped":{"minecraft:sign":3,"minecraft:stone":3,"minecraft:dark_oak_log":2,"minecraft:oak_button":5,"minecraft:command_block":3,"minecraft:diamond":4493,"minecraft:redstone":2},"minecraft:picked_up":{"minecraft:birch_log":5,"minecraft:sign":3,"minecraft:stone":3,"minecraft:command_block":2,"minecraft:apple":2,"minecraft:salmon":1,"minecraft:diamond":2509,"minecraft:wooden_pickaxe":1,"minecraft:bread":1,"minecraft:oak_button":4,"minecraft:redstone":1,"minecraft:dark_oak_log":2,"minecraft:oak_planks":1,"minecraft:wooden_axe":1},"minecraft:custom":{"minecraft:time_since_rest":684,"minecraft:play_one_minute":20081,"minecraft:damage_taken":240,"minecraft:sprint_one_cm":3164,"minecraft:walk_one_cm":22468,"minecraft:deaths":2,"minecraft:drop":2393,"minecraft:jump":27,"minecraft:leave_game":3,"minecraft:time_since_death":642,"minecraft:fly_one_cm":6258,"minecraft:open_chest":1}},"DataVersion":1631}